parent_text,model1_Pier,model1_Silvia,model1_Marem,model2_Pier,model2_Silvia,model2_Marem,model3_Pier,model3_Silvia,model3_Marem,model4_Pier,model4_Silvia,model4_Marem,model5_Pier,model5_Silvia,model5_Marem,model6_Pier,model6_Silvia,model6_Marem,model7_Pier,model7_Silvia,model7_Marem,model8_Pier,model8_Silvia,model8_Marem
"Sir, what have u started",verde,verde,verde,verde,blu,blu,verde,verde,verde,verde,verde,verde,verde,verde,verde,rosso,verde,verde,verde,verde,verde,blu,blu,blu
Make it legal for the Coastguard lads to be allowed to batter them once they've gotten them ashore.,verde,verde,verde,verde,verde,verde,verde,verde,verde,verde,verde,verde,verde,verde,verde,verde,verde,verde,rosso,rosso,rosso,blu,blu,blu
"Get fucked. I’m Irish American, she’s right to march by me. And I’m as Irish as you, bro. You don’t have to be Irish to be Irish. And you don’t have to be Irish to be Irish either. Nan and Pop were born and raised in Ireland and Dad always taught me I was Irish. The Irish never stop being Irish. Why do you think we march in those parades anyway? EDIT: I’m leaving this here and you guys can downvote it to hell, like I give a shit. It’s not up to you if I’m Irish or not. I know I’m Irish and I’ve got the passport to prove it. If you have a problem with that, you gotta open your fucking eyes and stop being so goddamn judgemental. Fucking telling people they’re not Irish, shame on you.",blu,blu,blu,blu,verde,blu,blu,rosso,blu,verde,verde,verde,blu,blu,blu,verde,verde,verde,blu,blu,blu,blu,verde,blu
"It a a good thing he is spending all this money in wedding. Read it as, Politician infuses Rs. 500 crore in local economy. It will create lot of job and employment. Edit: it is a light hearted fun comment.",verde,verde,verde,verde,verde,verde,verde,verde,verde,verde,verde,verde,rosso,verde,verde,rosso,rosso,rosso,verde,verde,verde,rosso,rosso,rosso
What an absolute load of garbage. I read those books as a kid. They were great. Not even close,verde,verde,verde,verde,verde,verde,verde,verde,verde,verde,verde,verde,rosso,rosso,rosso,verde,verde,verde,rosso,rosso,rosso,rosso,rosso,rosso
Tell me you ain’t never had it like this…,verde,verde,rosso,blu,blu,blu,verde,rosso,rosso,rosso,verde,verde,verde,verde,verde,rosso,verde,verde,verde,verde,verde,rosso,blu,rosso
Anybody got a parking pass they won’t be using for Sunday’s Titans-Raiders game,verde,verde,verde,verde,verde,verde,verde,verde,verde,verde,verde,verde,rosso,rosso,rosso,rosso,rosso,rosso,rosso,rosso,rosso,blu,blu,blu
Resist going down the rabbit hole of any ideology including religion. Keep an open mind.,verde,verde,verde,verde,verde,verde,verde,verde,verde,verde,verde,verde,verde,rosso,rosso,verde,verde,rosso,rosso,rosso,rosso,verde,verde,verde
Carlow doesn't exist. Its just one of those things they put on the map to fill up space.,verde,rosso,rosso,verde,verde,verde,verde,verde,verde,verde,verde,verde,verde,verde,verde,verde,rosso,verde,rosso,rosso,rosso,verde,rosso,verde
When your kids friend comes over for a sleepover and brings you a gift… and it’s a “f*ck the patriarchy” necklace she’s made. The kids are alright #feminism #patriarchy,verde,verde,verde,verde,verde,verde,verde,verde,verde,verde,verde,verde,verde,verde,rosso,verde,verde,verde,rosso,rosso,rosso,rosso,rosso,verde
read the article! This place smashed out 80000 cups a year. Expected to boost sales by 20000 cups. Will pay for itself within a year! This is a good investment.,rosso,verde,blu,blu,verde,blu,rosso,verde,verde,blu,verde,blu,rosso,rosso,verde,verde,rosso,verde,verde,rosso,verde,verde,rosso,verde
"Hi Hindu, I'm Dad.",rosso,rosso,verde,blu,verde,blu,rosso,verde,rosso,blu,rosso,blu,verde,verde,verde,verde,verde,verde,verde,rosso,verde,blu,blu,blu
"""Tell me, Hunter, do you really think the girl would really want someone like you? There is no path for you there. Come back to me """,verde,rosso,verde,blu,blu,blu,verde,verde,rosso,blu,blu,blu,verde,verde,verde,verde,verde,verde,verde,verde,verde,rosso,rosso,verde
"Philadelphia is where it's at, we're gay af",verde,verde,verde,verde,verde,verde,verde,verde,verde,blu,rosso,verde,rosso,rosso,rosso,verde,verde,verde,rosso,rosso,rosso,verde,verde,verde
TLDR: senior positions and management get paid more.,verde,verde,verde,verde,verde,verde,verde,verde,verde,verde,verde,verde,verde,rosso,rosso,rosso,rosso,verde,rosso,rosso,rosso,verde,verde,rosso
"Secure? Yeah. Their standards are so low that even social media sites would have disagreed to accept that terms and they can't ask the young people to give up social media just like that, they would shove that RSS flag right up their Asshole. They are shifting you to some other platform. That's why that bitch is bragging about giving up social media on Twitter. The fake call scam in Delhi day before yesterday was part of the plan as well, to get an excuse that fake news is doing damage and all that crap. See that interview about that incident on NDTV where they are coming with some more bullshit law for social media explained by some BJP guy himself.",blu,verde,blu,verde,verde,verde,verde,verde,verde,verde,verde,verde,verde,verde,verde,blu,verde,verde,rosso,verde,rosso,verde,verde,verde
no don't please. i was crushing over since she came. keep that chutiya away,verde,verde,verde,verde,verde,verde,rosso,rosso,rosso,blu,blu,blu,verde,rosso,rosso,verde,rosso,rosso,verde,verde,verde,verde,rosso,rosso
What do you do when your dick is angry,verde,rosso,verde,verde,rosso,verde,verde,rosso,verde,blu,blu,blu,rosso,verde,rosso,verde,verde,verde,verde,verde,verde,rosso,verde,rosso
Uneducated fucks. This country's education system is a joke. My toilet papers are at least useful to wipe ass. Those degrees are useless.,verde,verde,verde,verde,verde,verde,blu,verde,blu,verde,verde,verde,verde,verde,verde,verde,verde,verde,verde,verde,verde,rosso,verde,verde
What's St Pattys,verde,verde,verde,verde,verde,verde,verde,verde,verde,verde,verde,rosso,verde,verde,verde,rosso,rosso,rosso,rosso,verde,rosso,rosso,rosso,rosso
"Soothing, calm voice. Get them to roll their eyes if you can.",verde,verde,verde,verde,verde,verde,verde,verde,verde,verde,verde,verde,verde,verde,verde,verde,verde,verde,verde,verde,verde,verde,verde,verde
"I would sit down, but not before I used the miniature Swiss Army knife I keep on my keys to cut the sign down. Let’s be honest, it’s not a council sign so it’s essentially a piece of litter. And I’m sure many in Abingdon would be glad to see it gone and have the bench available for sitting again.",verde,rosso,verde,verde,verde,verde,blu,blu,blu,verde,verde,verde,verde,verde,blu,verde,verde,verde,verde,verde,verde,verde,verde,verde
I’ve heard it all now. Albanese has described himself as being “Economically Literate”.,rosso,verde,verde,rosso,verde,verde,verde,verde,verde,verde,verde,verde,verde,verde,verde,verde,verde,verde,verde,verde,verde,verde,blu,blu
"Donald Trump is purposefully handling the Corona Virus poorly so that it reaches pandemic state and he can declare Martial Law. Martial law: is the imposition of direct military control of normal civilian functions by a government, especially in response to a temporary emergency such as invasion or major disaster, or in an occupied territory.",verde,verde,verde,verde,verde,verde,verde,verde,verde,verde,verde,verde,rosso,verde,rosso,verde,rosso,verde,verde,verde,verde,rosso,verde,verde
"Nice of them to let us have the weekend, if they could kick it in just before I get to work that'd be ideal",verde,verde,verde,verde,verde,verde,verde,verde,verde,verde,verde,verde,verde,verde,verde,rosso,rosso,rosso,verde,verde,verde,verde,rosso,verde
Yet they want to trash Mets fans,verde,verde,verde,verde,verde,verde,verde,verde,verde,verde,verde,verde,verde,verde,verde,verde,verde,verde,verde,verde,verde,verde,verde,verde
"3 of my ex colleagues from my previous company quit yesterday, 2 I was on very good terms with, including a guy that was among the top performers who couldn't handle the politics any more. Meanwhile David de Gea (and Jordan Pickford) are collecting their paychecks. Another mate (my bestie at work and said top performer's roomie) just spilled the beans today on why HR encouraged me to quit during probation period itself so he could save 185000 for the company. Sucks.",verde,verde,rosso,verde,verde,rosso,verde,verde,rosso,blu,blu,blu,rosso,rosso,rosso,verde,verde,verde,rosso,rosso,rosso,blu,blu,blu
"I went off at my JobSearch provider. The one you’re with gets $500+ per jobseeker, only for them to be useless and I still had to find my own jobs anyway. I asked them “What exactly do you do?!”. I literally got no help from them and Centrelink pays them to help me! It’s literally a cash grab. They told me I was rude for asking them what is their purpose?! Here’s something they keep hush hush, its your right to choose your own JobSearch provider! If you aren’t happy with the support they give you, you can ask for a transfer to your chosen one.",verde,verde,verde,verde,verde,verde,verde,verde,verde,verde,verde,verde,verde,verde,verde,verde,verde,verde,verde,rosso,rosso,rosso,rosso,rosso
song was such a banger,verde,verde,verde,rosso,rosso,verde,verde,verde,verde,verde,verde,verde,rosso,rosso,rosso,verde,rosso,verde,rosso,verde,rosso,verde,verde,verde
"No, the time to start good hygiene was BEFORE the spread, not after...",verde,verde,verde,verde,verde,verde,verde,verde,verde,verde,verde,verde,verde,verde,verde,verde,verde,verde,verde,rosso,rosso,verde,verde,verde
Legos and marbles on the ground everywhere. Fingers crossed he’s a barefoot killer.,verde,rosso,rosso,verde,verde,verde,verde,verde,verde,verde,verde,verde,verde,verde,verde,verde,verde,verde,verde,verde,verde,rosso,rosso,rosso
RTÉ coverage: https://www.rte.ie/news/coronavirus/2020/0301/1119467-coronavirus-ireland/ Connected to the confirmed case reported yesterday.,verde,verde,verde,blu,rosso,blu,verde,verde,verde,verde,verde,verde,rosso,rosso,rosso,rosso,rosso,rosso,verde,rosso,rosso,blu,verde,blu
I hate people who use big words just to make themselves look perspicacious.,rosso,rosso,rosso,rosso,rosso,rosso,rosso,rosso,rosso,blu,blu,blu,verde,verde,verde,verde,verde,verde,rosso,verde,blu,rosso,verde,blu
I hate people who use big words just to make themselves look perspicacious.,rosso,rosso,rosso,rosso,rosso,rosso,rosso,rosso,rosso,blu,blu,blu,verde,verde,verde,verde,verde,verde,blu,verde,blu,blu,verde,blu
"Once again, the smart ass in my local Chinese restaurant put 2 forks in with my takeaway. Listen here dickhead, 2 portions doesn't necessarily mean 2 people",verde,verde,verde,verde,verde,verde,verde,rosso,verde,verde,verde,verde,verde,rosso,rosso,rosso,rosso,rosso,rosso,rosso,verde,rosso,verde,rosso
"Funny how for a generation, the people of Ballsbridge would’ve associated the swastika with that truck and every subsequent generation it’s associated with you know, fascism, genocide etc Edit: shite grammar.",verde,verde,verde,verde,verde,verde,verde,verde,verde,verde,verde,verde,rosso,rosso,rosso,verde,verde,verde,rosso,rosso,verde,verde,verde,verde
I'm trying to read reddit with one eye .,verde,verde,rosso,verde,rosso,rosso,verde,verde,rosso,blu,blu,blu,verde,verde,verde,verde,rosso,rosso,verde,verde,verde,verde,rosso,rosso
Loved this as a kid. In hindsight it was completely mental though.,verde,verde,verde,verde,verde,verde,verde,verde,verde,verde,verde,verde,verde,rosso,rosso,verde,verde,verde,verde,rosso,rosso,rosso,rosso,rosso
Do join and me on at 9 am. On all matters EU and of course Northern Ireland. And to all remainers who feared so chlorinated chicken but now want a deal with the US: Northern Ireland’s place in the UK trumps your new found sensibilities.,verde,verde,verde,verde,verde,verde,blu,blu,blu,blu,blu,blu,verde,verde,rosso,verde,verde,rosso,rosso,rosso,rosso,verde,verde,verde
I’d fire him for going to Greggs period,verde,verde,verde,verde,verde,verde,verde,rosso,verde,verde,verde,verde,verde,verde,verde,verde,verde,verde,rosso,rosso,blu,rosso,rosso,blu
"India is getting isolated internationally for no apparent benefits! &#x200B; Iran was selling oil at discounted price to India, if oil supply from middle east gets disrupted, will bhakts run vehicles using cow urine? &#x200B; #tadipar #jumlabaaz #chaddichandan",verde,rosso,rosso,blu,blu,blu,verde,verde,verde,verde,verde,verde,verde,rosso,verde,blu,blu,blu,verde,verde,verde,blu,blu,blu
"Thankfully, we don't have thousands of people from all over the world visiting Ireland in two and a half weeks time.",verde,verde,verde,verde,rosso,verde,verde,rosso,verde,verde,verde,verde,verde,verde,rosso,blu,rosso,blu,rosso,rosso,rosso,verde,rosso,verde
So our slouching Business Sec evades Parliament &amp; finally makes critical major announcement re urgent #energycrisis support for businesses via video &amp; press release. Blatant avoidance of scrutiny exposes his false posing as one who respects tradition &amp; Parliament,verde,verde,verde,verde,verde,verde,verde,verde,verde,blu,blu,blu,rosso,verde,verde,rosso,verde,rosso,rosso,rosso,rosso,rosso,rosso,verde
"C'mon man. Making an absurd statement and following it up with,""What would you do?"" or ""How fucked are you?"" is the weakest form of r/AskReddit post. You're capable of better.",verde,verde,verde,verde,verde,verde,verde,verde,verde,verde,verde,verde,rosso,rosso,verde,rosso,verde,verde,rosso,rosso,rosso,verde,verde,verde
so guys do you also feel like a cave man when you use a budget phone instead of a flagship device? mine recently fell from 1st floor and now its getting repaired. ? ps. fuk iphone. android mastrace.,verde,verde,verde,blu,blu,blu,blu,verde,blu,verde,rosso,verde,verde,verde,verde,verde,verde,verde,verde,verde,verde,verde,verde,rosso
Still think these ought to be nuclear powered.,verde,verde,verde,verde,verde,verde,verde,verde,verde,verde,verde,verde,verde,verde,verde,verde,verde,verde,verde,verde,verde,rosso,rosso,rosso
"These days, I have the privilege of interacting almost daily with Ukrainians — senior government officials, journalists, diplomats, NGO leaders, soldiers, business leaders, academics, students. &amp; every time I do, my awe for their spirit, intelligence, bravery &amp; convictions grows",verde,verde,verde,verde,verde,verde,verde,verde,verde,blu,blu,blu,verde,verde,verde,rosso,verde,verde,rosso,rosso,rosso,rosso,rosso,rosso
who did this? The answer is in the pic on Modi's Pyjamas.,verde,verde,verde,verde,verde,verde,verde,verde,verde,verde,verde,verde,verde,rosso,rosso,verde,rosso,rosso,verde,rosso,rosso,blu,blu,blu
"Heading to Stove for anniversary dinner, which is next door to Northern Lights, so keeping my fingers crossed.",verde,verde,verde,verde,verde,verde,verde,verde,verde,verde,rosso,verde,verde,verde,verde,verde,verde,rosso,rosso,rosso,rosso,rosso,rosso,rosso
"I couldn't believe it when I watched him say this in question time. What an absolute numpty. Not only what his stupid joke unfunny, he repeated it again the next day with a smug face, looking back at his colleagues as if he was a school yard bully. What is wrong with measuring how happy a society is instead of just looking at monetary figures? I think it's a great idea in this modern age. We could use the results and data to focus funding on improving quality of life for people instead of just looking at the books. It's a no brainer yet this clown and his party are taking the piss out of a great idea simply because it came from the ALP. If you do not accept an idea from an opposition party and at least consider it, then you are not running the country to benefit its citizens.",verde,verde,rosso,blu,blu,blu,rosso,verde,verde,verde,verde,verde,rosso,rosso,rosso,rosso,verde,verde,rosso,rosso,rosso,rosso,rosso,rosso
,,,,,,,,,,,,,,,,,,,,,,,,
Modric and Viduka,verde,verde,verde,blu,blu,blu,verde,verde,verde,verde,verde,verde,verde,rosso,rosso,verde,rosso,verde,blu,rosso,blu,verde,rosso,rosso
"Jawahar lal Nehru, without any doubt",verde,verde,verde,verde,verde,verde,verde,verde,verde,verde,verde,verde,rosso,rosso,rosso,verde,rosso,verde,rosso,rosso,rosso,rosso,rosso,blu
Just arrived in T 1 Dublin Airport last night. Gosh it is an absolute disgrace. Toilets manky. Toilet paper all over the place. The arrivals hall full of litter. Luggage hanging around all over the place. Absolutely so management evident at all. I’m thinking about our tourists…,verde,verde,verde,verde,verde,verde,verde,verde,verde,verde,verde,verde,rosso,rosso,rosso,rosso,rosso,rosso,rosso,rosso,rosso,blu,blu,blu
"Which town is it really, and school",verde,verde,verde,verde,verde,verde,verde,verde,verde,verde,verde,verde,verde,verde,verde,verde,rosso,verde,verde,verde,verde,rosso,rosso,rosso
"(2/4)…the Navy has been involved in more than ten major conflicts and countless smaller battles to ensure security, democracy and prosperity for the American people and for the international community.",blu,blu,blu,blu,blu,blu,verde,verde,verde,blu,verde,blu,blu,rosso,blu,rosso,rosso,rosso,blu,rosso,blu,rosso,rosso,blu
Who is paying for the role of International PR Photographer to the PM..,verde,verde,verde,verde,verde,verde,verde,verde,verde,blu,blu,blu,rosso,rosso,rosso,verde,verde,verde,rosso,rosso,rosso,blu,blu,blu
"#SportsCity #Sengipatti_Thanjavur ?If Our Govt Will Announce Sports City in Sengipatti, Thanjavur District. ?It Will be a Big Boost 2 Central Region Dt's of TN. ?Then the Long Neglected Delta Districts get Some Attention. Hope Infra will develop afterwards here in Delta.",blu,blu,blu,blu,blu,blu,blu,blu,blu,blu,blu,blu,blu,blu,blu,blu,blu,blu,verde,rosso,rosso,blu,blu,blu
A new one for you; the Chinese government are responsible for the implementation & the outbreak of the Coronavirus. ... do you see rioting anymore,verde,verde,rosso,verde,verde,verde,verde,verde,verde,verde,verde,verde,verde,rosso,rosso,verde,verde,verde,verde,verde,rosso,rosso,rosso,rosso
This is really sad. These guys are effectively neutral and independent and provide primary news to most other media organisations.,verde,verde,verde,verde,verde,verde,verde,verde,verde,verde,verde,verde,rosso,rosso,rosso,rosso,rosso,rosso,rosso,rosso,rosso,rosso,rosso,rosso
"The First Peoples’ Assembly just delivered a petition signed by over 50,000 Victorians to the Premier’s office. It calls on him to reverse the Government’s disrespectful decision to rename Maroondah Hospital. If this Government is serious about Treaty, they'll listen.",verde,verde,verde,verde,verde,verde,verde,verde,verde,verde,verde,verde,rosso,rosso,rosso,rosso,verde,verde,rosso,verde,verde,rosso,verde,verde
"What's that, a Fox",verde,verde,verde,verde,verde,verde,verde,verde,verde,verde,verde,verde,verde,verde,verde,verde,rosso,rosso,verde,rosso,verde,rosso,rosso,rosso
"???????? bravo Calvin, you shook the bushes and some dumb asses fell out",verde,rosso,verde,verde,verde,verde,verde,verde,verde,blu,blu,blu,verde,rosso,rosso,verde,verde,verde,verde,verde,verde,verde,verde,verde
Somebody tell this MFer that Britain left India 73 years ago.,verde,rosso,verde,verde,verde,verde,verde,verde,verde,verde,verde,verde,verde,rosso,verde,verde,verde,verde,rosso,verde,rosso,rosso,verde,rosso
Does anyone know how much money you have to have in your account for the UK Ancestry Visa these days? (The internet says all sorts of different things. When I last got mine it was $5K.),verde,verde,verde,verde,verde,verde,verde,verde,verde,verde,verde,verde,rosso,rosso,rosso,rosso,rosso,rosso,rosso,rosso,rosso,rosso,rosso,rosso
I'm older than you Joel and no!!! Life is always changing and sometimes the best plan is no plan...see where life takes you.,verde,verde,verde,verde,verde,verde,verde,verde,verde,verde,verde,verde,rosso,rosso,rosso,verde,verde,verde,verde,verde,verde,verde,verde,verde
"Water and Mio drink mix. No sugar, plus you're drinking water.",verde,verde,verde,verde,verde,verde,verde,verde,verde,verde,verde,verde,verde,rosso,rosso,verde,verde,verde,rosso,rosso,rosso,rosso,rosso,rosso
Oh you dirty bugger,rosso,verde,verde,blu,blu,blu,rosso,verde,verde,blu,blu,blu,verde,verde,verde,verde,verde,verde,verde,verde,verde,blu,blu,blu
"The system IS broken. This crap government has no oversight - it is the one good thing they’ve done: shown us we need a backup plan for when the Govt and GG fail us. But yes, change the flag too.",verde,rosso,verde,verde,verde,verde,verde,verde,verde,verde,verde,verde,verde,verde,verde,verde,verde,verde,rosso,verde,rosso,rosso,verde,rosso
If Collingwood rate him so highly why did they low ball him with their contract offer? Actions speak louder than words,verde,verde,verde,verde,verde,verde,verde,verde,verde,verde,verde,verde,verde,verde,verde,verde,rosso,rosso,rosso,verde,verde,rosso,rosso,rosso
Yes. Inherited property has to be equally divided.,verde,verde,verde,verde,verde,verde,verde,verde,verde,verde,verde,verde,verde,verde,verde,verde,verde,verde,rosso,rosso,rosso,verde,verde,verde
RIP my neighbour who told his wife he was popping out to get some sewing thread but got distracted and went to the pub instead. Gone but not for cotton. #dadjokes,rosso,verde,verde,blu,blu,blu,rosso,verde,verde,blu,blu,blu,verde,verde,rosso,verde,verde,verde,verde,verde,verde,verde,verde,verde
Greed and panic. I have no problem using rags or hopping straight in the shower if need be.,verde,verde,verde,verde,rosso,verde,verde,verde,verde,verde,verde,verde,verde,verde,verde,verde,verde,verde,verde,verde,verde,rosso,rosso,rosso
CryoEM mates: Has any of you a strong opinion about self-wicking grids? #CryoEM,verde,verde,verde,verde,verde,verde,verde,verde,rosso,verde,verde,verde,verde,verde,rosso,verde,verde,verde,rosso,rosso,rosso,blu,rosso,blu
"They are not heroes, they are Shiroes..(Sikh heroes).",verde,verde,verde,verde,verde,verde,verde,verde,verde,blu,blu,blu,verde,verde,verde,rosso,rosso,verde,rosso,rosso,blu,blu,blu,blu
"It's also fascinating to see people on the Left suddenly screaming ""The markets are losing confidence in the Truss plan!!! Look at the pound!!!! Look at the ratings agencies!!!! We have to listen to the markets!!!!"".",verde,verde,verde,blu,blu,blu,verde,verde,verde,verde,verde,verde,verde,verde,verde,verde,verde,verde,blu,verde,blu,verde,verde,verde
Bugger no dunny paper oh well courier mail will have to do,verde,rosso,rosso,verde,verde,verde,verde,rosso,verde,verde,verde,verde,verde,rosso,verde,verde,verde,rosso,verde,verde,verde,verde,verde,verde
"Lowest point was probably the year after high school. My parents had divorced and my mom moved out first after keeping me on lockdown because she found out I was dating a girl. Then my dad moved out to live with my now step mom. I went from having no freedom at all to having absolute freedom, and I did not handle it well. I did a lot of drugs and drank a lot of alcohol. Most of the time, the only consumables in the house wee ramen and booze. I didn’t even care about taking care of myself because I was drunk or high all the time. I think the highest point is now. I bought a house last September, got out of an unhappy marriage, my teenager is absolutely thriving, I’ve got a decent paying job, published two novels, and I got back together with that same girl I dated twenty years ago. Things are going really well now.",verde,verde,verde,verde,verde,verde,verde,verde,verde,verde,verde,verde,rosso,rosso,rosso,blu,rosso,blu,rosso,rosso,rosso,verde,verde,verde
Hi if someone bought you Chick-fil-A would you eat it or throw it in the garbage,verde,verde,verde,verde,verde,verde,verde,verde,verde,verde,verde,verde,verde,verde,verde,verde,rosso,verde,verde,verde,verde,verde,rosso,verde
Why does Mayo extend into the ocean but everywhere else stops at the coast,verde,verde,verde,verde,verde,verde,verde,verde,verde,blu,blu,blu,verde,verde,verde,verde,rosso,rosso,rosso,rosso,rosso,verde,rosso,rosso
Just back from seeing a great play in the Civic Theatre in Tallaght called ‘No Magic Pill’. It’s about the life of Martin Naughton the late great disability activist. Highly recommend it.,verde,verde,verde,verde,verde,verde,verde,verde,verde,blu,blu,blu,verde,rosso,verde,verde,rosso,verde,rosso,rosso,rosso,rosso,rosso,rosso
Today afternoon I plan to boost some accounts. Let me know if you want happy friday,verde,verde,verde,verde,verde,verde,verde,verde,verde,blu,blu,blu,verde,verde,verde,verde,rosso,rosso,verde,rosso,verde,rosso,rosso,rosso
Is it only ireland that landlords are supposed to fully furnish their rental properties? Other countries you get an empty apartment except for a fridge and cooker.,verde,rosso,rosso,verde,verde,verde,verde,verde,verde,blu,blu,blu,verde,verde,verde,verde,verde,verde,rosso,rosso,rosso,rosso,rosso,rosso
Looks like people are shitting themselves.,rosso,verde,verde,rosso,rosso,rosso,verde,verde,verde,verde,verde,verde,verde,verde,verde,verde,rosso,rosso,verde,rosso,rosso,rosso,rosso,rosso
Please say a prayer for me for I feel very alone tonight.,verde,verde,verde,blu,blu,blu,verde,verde,verde,blu,blu,blu,verde,rosso,rosso,rosso,rosso,rosso,rosso,rosso,rosso,verde,rosso,verde
Open a roth 401k,verde,verde,verde,verde,verde,verde,verde,verde,verde,verde,verde,verde,verde,verde,verde,verde,verde,rosso,rosso,rosso,verde,rosso,rosso,rosso
"Only if they care about 'your way of science'. Even if proven wrong, there is always the 'Morarji Desai' approach.",verde,verde,verde,rosso,verde,verde,verde,verde,verde,verde,verde,verde,rosso,rosso,rosso,rosso,rosso,rosso,rosso,rosso,verde,rosso,rosso,rosso
It’s Official! I’m Irish!,verde,verde,verde,verde,verde,verde,verde,verde,verde,verde,verde,verde,verde,verde,verde,rosso,rosso,verde,blu,rosso,blu,rosso,rosso,rosso
"Good morning Twitter. Positivity is extremely powerful, let's spread as much as we can today! ☕☕",verde,verde,verde,blu,blu,blu,verde,verde,verde,blu,blu,blu,verde,verde,verde,blu,blu,blu,verde,verde,verde,blu,blu,blu
how can they just rule out the possibility that the guy got it from China just because he spent 14 days overseas when there are cases where the incubation period is much longer than that,verde,verde,verde,verde,verde,verde,verde,verde,verde,verde,verde,verde,rosso,rosso,rosso,rosso,rosso,rosso,rosso,rosso,rosso,rosso,rosso,rosso
"So Peter Obi lied to Nigerians when he said ""I studied Philosophy"". There is no subject called Philosophy in GCE.",verde,verde,verde,verde,verde,verde,verde,verde,verde,verde,verde,verde,rosso,rosso,rosso,rosso,rosso,rosso,rosso,rosso,rosso,rosso,rosso,rosso
Great read,verde,verde,verde,blu,blu,blu,verde,verde,verde,blu,blu,blu,rosso,rosso,rosso,blu,blu,blu,rosso,verde,rosso,rosso,verde,blu
Hannah &amp; Nick . Now that is really getting close to nature !!! Foxes are very cool was at Rockley Park last week in caravan in Dorset and got to feed a fox one night.obligatory trip to Studlands and sea was quite warm.. H,verde,verde,verde,verde,verde,verde,verde,verde,verde,verde,verde,verde,rosso,verde,verde,verde,verde,verde,verde,rosso,rosso,verde,verde,verde
"What did this setup cost you. Would love to go solar but all of the solar panel ""grants"" sound a lot like scams. Not in the conventional sense but that it's not actually the person with the panels who ends up saving anything for 20 odd years",verde,verde,verde,verde,verde,verde,blu,blu,blu,verde,verde,verde,blu,rosso,blu,blu,rosso,blu,rosso,rosso,rosso,rosso,rosso,rosso
So you are mad because the Conservative BJP cares more about Hindu families and customs than other cultures,verde,verde,verde,verde,verde,verde,verde,verde,verde,blu,blu,blu,verde,verde,rosso,verde,verde,verde,verde,verde,blu,verde,verde,rosso
Do you live in the 1950s,verde,rosso,verde,verde,rosso,verde,verde,rosso,rosso,verde,rosso,verde,rosso,rosso,rosso,rosso,rosso,rosso,rosso,rosso,rosso,verde,rosso,verde
The #stage3taxcuts blab fest continues on your ABC #afternoonbriefing #InsidersABC #TheDrum there's no other news,verde,verde,verde,blu,blu,blu,verde,verde,verde,blu,blu,blu,rosso,rosso,rosso,verde,verde,verde,rosso,rosso,rosso,rosso,rosso,rosso
Available from…,verde,verde,verde,verde,verde,verde,verde,rosso,verde,verde,verde,verde,verde,rosso,verde,verde,verde,rosso,rosso,rosso,rosso,verde,blu,rosso
Judging by the tractors tyres it's not really that deep. Seems like it would be really easy to bottom out,verde,verde,verde,verde,verde,verde,verde,verde,verde,verde,verde,verde,verde,verde,verde,verde,rosso,rosso,verde,verde,rosso,verde,rosso,verde
"Saw a mosquito on the wall and for some stupid reason I thought a let’s punch him into bits, so I make a fist and thrust it into the wall and the mosquito flees injured and my hand is killing me. It literally hurts like a fracture",verde,verde,verde,rosso,rosso,rosso,rosso,verde,verde,rosso,rosso,rosso,verde,verde,rosso,verde,verde,verde,verde,rosso,rosso,verde,rosso,rosso
Can they name the fucking company so the employees know to look for any sign or symptoms.,verde,rosso,verde,verde,verde,verde,verde,verde,verde,verde,verde,verde,verde,rosso,verde,verde,verde,verde,verde,verde,verde,verde,rosso,verde